<?xml version="1.0" encoding="utf-8"?>
<AxFormExtension xmlns:i="http://www.w3.org/2001/XMLSchema-instance" xmlns="Microsoft.Dynamics.AX.Metadata.V6">
	<Name>VendRFQJournal.DXC</Name>
	<ControlModifications />
	<Controls>
		<AxFormExtensionControl xmlns="">
			<Name>FormExtensionControl2xzkedvy1</Name>
			<FormControl xmlns=""
				i:type="AxFormMenuFunctionButtonControl">
				<Name>ESS_SendDXC_RequestForQuote</Name>
				<Type>MenuFunctionButton</Type>
				<FormControlExtension
					i:nil="true" />
				<MenuItemName>ESS_SendDXC_RequestForQuote</MenuItemName>
				<MenuItemType>Action</MenuItemType>
			</FormControl>
			<Parent>ButtonGroup2</Parent>
		</AxFormExtensionControl>
		<AxFormExtensionControl xmlns="">
			<Name>FormExtensionControlet3injjd1</Name>
			<FormControl xmlns=""
				i:type="AxFormCheckBoxControl">
				<Name>VendRFQJour_DXC_ESSEmailSent</Name>
				<Type>CheckBox</Type>
				<FormControlExtension
					i:nil="true" />
				<DataField>DXC_ESSEmailSent</DataField>
				<DataSource>VendRFQJour</DataSource>
			</FormControl>
			<Parent>Grid</Parent>
		</AxFormExtensionControl>
		<AxFormExtensionControl xmlns="">
			<Name>Copy13oar4nd1</Name>
			<FormControl xmlns=""
				i:type="AxFormCheckBoxControl">
				<Name>VendRFQJour_DXC_ESSSavedToBlobStorage</Name>
				<Type>CheckBox</Type>
				<FormControlExtension
					i:nil="true" />
				<DataField>DXC_ESSSavedToBlobStorage</DataField>
				<DataSource>VendRFQJour</DataSource>
			</FormControl>
			<Parent>Grid</Parent>
		</AxFormExtensionControl>
	</Controls>
	<DataSourceModifications />
	<DataSourceReferences />
	<DataSources />
	<Parts />
	<PropertyModifications />
</AxFormExtension>