<?xml version="1.0" encoding="utf-8"?>
<AxMenuItemAction xmlns:i="http://www.w3.org/2001/XMLSchema-instance" xmlns="Microsoft.Dynamics.AX.Metadata.V1">
	<Name>ESS_SendDXC_RequestForQuote</Name>
	<ConfigurationKey>ECL_SmartSend</ConfigurationKey>
	<EnumParameter>DXCRequestForQuote</EnumParameter>
	<EnumTypeParameter>ECL_AutoPrintReport</EnumTypeParameter>
	<FeatureClass>DXCSmartSendFeature</FeatureClass>
	<HelpText>@ESS:SmartSendHelpTxt</HelpText>
	<Label>@ESS2</Label>
	<MultiSelect>Yes</MultiSelect>
	<NeedsRecord>Yes</NeedsRecord>
	<Object>ESSReportController</Object>
	<ObjectType>Class</ObjectType>
	<SubscriberAccessLevel>
		<Read xmlns="">Allow</Read>
	</SubscriberAccessLevel>
</AxMenuItemAction>